Molecule,Entropy in ideal gas approximation (eV/K),Entropy in ideal gas approximation (J mol^-1 K^-1)
CO,0.002037062493982416,196.54666697490248
O2,0.0021102387110295768,203.60709914374277
