Molecule,Entropy in ideal gas approximation (eV/K),Entropy in ideal gas approximation (J mol^-1 K^-1)
CO,0.002054854182654971,198.26330410251924
O2,0.002134703924569659,205.96763358602777
