Molecule,Entropy in ideal gas approximation (eV/K),Entropy in ideal gas approximation (J mol^-1 K^-1)
CO,0.002040110795151011,196.8407833490407
O2,0.002113303372597792,203.90279405659803
