Number of grid points N, Calculated ground state energy
750, -2.855314768952228
1500, -2.8601891451571992
3000, -2.8613179424995243
4500, -2.861519148248452
6000, -2.861588843453356
